fold,scale,rmse,mae,rse,r2,n_labeled,n_unlabeled,n_train,n_test
7,10,207.81244075844432,148.57385414913858,0.3209174303852432,0.6790825696147569,2304,20736,23040,10080
