fold,scale,rmse,mae,rse,r2,n_labeled,n_unlabeled,n_train,n_test
6,10,204.02408270098812,142.0268163582226,0.2210963603389508,0.7789036396610491,2304,20736,23040,10080
