fold,scale,rmse,mae,rse
0,0.1,192.24300201616998,134.46243081678497,0.22555916997227965
