fold,scale,rmse,mae,rse
2,0.1,200.6940709552817,137.89857827493518,0.216911930035181
