fold,scale,rmse,mae,rse
6,0.1,181.26866308484955,139.2672828243108,0.219712829053846
