fold,scale,rmse,mae,rse
4,0.1,198.126460070501,126.53935466861715,0.20908128775292
