fold,scale,rmse,mae,rse
0,0.1,192.34535846930842,134.64077939221892,0.22579942405301778
