fold,scale,rmse,mae,rse
7,0.1,208.20999628820198,130.4775198639862,0.218225615368162
