fold,scale,rmse,mae,rse,r2,n_labeled,n_unlabeled,n_train,n_test
2,10,121.72130967995163,78.79943260949032,0.2003690319101258,0.7996309680898742,2304,20736,23040,10080
