fold,scale,rmse,mae,rse,r2,n_labeled,n_unlabeled,n_train,n_test
1,10,200.45567587505712,150.12671423856227,0.43444840372220184,0.5655515962777982,2304,20736,23040,10080
