fold,scale,rmse,mae,rse,r2,n_labeled,n_unlabeled,n_train,n_test
0,10,245.64730694934704,177.60979589041608,0.27883808479374395,0.721161915206256,2304,20736,23040,10080
