fold,scale,rmse,mae,rse
1,0.1,199.9886114147264,155.1469720826585,0.250760398146928
