fold,scale,rmse,mae,rse,r2,n_labeled,n_unlabeled,n_train,n_test
3,10,155.65458199577893,110.84916049365276,0.09701926187069991,0.9029807381293001,2304,20736,23040,10080
