fold,scale,rmse,mae,rse,r2,n_labeled,n_unlabeled,n_train,n_test
4,10,220.72407215753321,163.23453959198466,0.25371528212465005,0.74628471787535,2304,20736,23040,10080
