fold,scale,rmse,mae,rse
3,0.1,178.37302116491725,131.600909685639,0.217194932656664
