fold,scale,rmse,mae,rse,r2,n_labeled,n_unlabeled,n_train,n_test
5,10,225.86392321615176,155.29770532806734,0.33099780730615724,0.6690021926938428,2304,20736,23040,10080
