fold,scale,rmse,mae,rse
5,0.1,195.55927391349869,137.29133441517234,0.223971491964099
