fold,scale,rmse,mae,rse,r2,n_labeled,n_train,n_test,best_params
0,100,13.773197228944557,126.09149641463995,0.1662903864641238,0.8337096135358761,23040,23040,10080,"{'colsample_bytree': 0.8, 'learning_rate': 0.1, 'max_depth': 6, 'n_estimators': 200, 'subsample': 0.8}"
1,100,10.528512202137103,67.3522927650128,0.13285243215913445,0.8671475678408656,23040,23040,10080,"{'colsample_bytree': 0.8, 'learning_rate': 0.1, 'max_depth': 6, 'n_estimators': 200, 'subsample': 0.8}"
2,100,8.594041769557537,31.24635713486203,0.07377126104411909,0.9262287389558809,23040,23040,10080,"{'colsample_bytree': 0.8, 'learning_rate': 0.1, 'max_depth': 6, 'n_estimators': 200, 'subsample': 0.8}"
3,100,11.954043773306708,95.70353293095316,0.0817699089816104,0.9182300910183896,23040,23040,10080,"{'colsample_bytree': 0.8, 'learning_rate': 0.1, 'max_depth': 6, 'n_estimators': 200, 'subsample': 0.8}"
4,100,12.143700263249652,123.15293790995885,0.11325343526006083,0.8867465647399392,23040,23040,10080,"{'colsample_bytree': 0.8, 'learning_rate': 0.1, 'max_depth': 6, 'n_estimators': 200, 'subsample': 0.8}"
5,100,13.514573315971177,103.51593338260143,0.21644160034811358,0.7835583996518865,23040,23040,10080,"{'colsample_bytree': 0.8, 'learning_rate': 0.1, 'max_depth': 6, 'n_estimators': 200, 'subsample': 0.8}"
6,100,14.110326316734623,145.16412948478268,0.21055567687391955,0.7894443231260805,23040,23040,10080,"{'colsample_bytree': 0.8, 'learning_rate': 0.1, 'max_depth': 6, 'n_estimators': 200, 'subsample': 0.8}"
7,100,13.159441654290188,121.99818346759955,0.2228435514661723,0.7771564485338277,23040,23040,10080,"{'colsample_bytree': 0.8, 'learning_rate': 0.1, 'max_depth': 6, 'n_estimators': 200, 'subsample': 0.8}"
