fold,scale,rmse,mae,rse,r2,n_labeled,n_unlabeled,n_train,n_test
0,20,229.057801265284,163.7581137149807,0.24244780227988388,0.7575521977201161,4608,18432,23040,10080
