fold,scale,rmse,mae,rse,r2,n_labeled,n_unlabeled,n_train,n_test
2,20,112.2946511489782,70.23346320701376,0.17053577820819613,0.8294642217918039,4608,18432,23040,10080
