fold,scale,rmse,mae,rse
2,0.2,177.1981306130002,101.86181523770667,0.18851855351527
