fold,scale,rmse,mae,rse,r2,n_labeled,n_unlabeled,n_train,n_test
6,20,209.85496604258643,150.6727980651477,0.23391454489610483,0.7660854551038951,4608,18432,23040,10080
