fold,scale,rmse,mae,rse
3,0.2,143.94982923095822,123.27752332428118,0.205849664405414
