fold,scale,rmse,mae,rse
7,0.2,207.06534299670264,125.66633656862425,0.202295990335896
