fold,scale,rmse,mae,rse
6,0.2,160.08722010390727,104.9651918318572,0.196119067969095
