fold,scale,rmse,mae,rse
5,0.2,149.25599867754642,137.81944722496814,0.20581249737066
