fold,scale,rmse,mae,rse,r2,n_labeled,n_unlabeled,n_train,n_test
7,20,204.60858890449086,146.53137826887505,0.3110985165703028,0.6889014834296971,4608,18432,23040,10080
