fold,scale,rmse,mae,rse
4,0.2,172.75614987166122,141.12020845526584,0.208574922949745
