fold,scale,rmse,mae,rse
0,0.2,182.72741077597865,128.5876482237146,0.20378246401019662
