fold,scale,rmse,mae,rse,r2,n_labeled,n_unlabeled,n_train,n_test
4,20,220.376382383704,163.37058525939173,0.2529165950612582,0.7470834049387418,4608,18432,23040,10080
