fold,scale,rmse,mae,rse,r2,n_labeled,n_unlabeled,n_train,n_test
1,20,193.37217504010164,142.66272543100177,0.4042867002945852,0.5957132997054149,4608,18432,23040,10080
