fold,scale,rmse,mae,rse,r2,n_labeled,n_unlabeled,n_train,n_test
3,20,154.47335000966,107.9842369347155,0.09555232903842902,0.904447670961571,4608,18432,23040,10080
