fold,scale,rmse,mae,rse,r2,n_labeled,n_unlabeled,n_train,n_test
5,20,210.49350260891995,140.97795021349418,0.2874807515098024,0.7125192484901977,4608,18432,23040,10080
