fold,scale,rmse,mae,rse
1,0.2,181.77741965359206,140.65386532774625,0.249185730934504
