fold,scale,rmse,mae,rse
0,0.2,183.03485719202988,128.94620047899647,0.20446878573275568
