fold,scale,rmse,mae,rse,r2,n_labeled,n_unlabeled,n_train,n_test
5,70,204.1138721948466,134.457789641877,0.2703189085168327,0.7296810914831673,16127,6913,23040,10080
