fold,scale,rmse,mae,rse,r2,n_labeled,n_unlabeled,n_train,n_test
2,70,111.08733612818041,70.05548646639892,0.16688852327049936,0.8331114767295007,16127,6913,23040,10080
