fold,scale,rmse,mae,rse,r2,n_labeled,n_unlabeled,n_train,n_test
6,70,200.59877865749124,144.4646948660569,0.21373482723072015,0.7862651727692799,16127,6913,23040,10080
