fold,scale,rmse,mae,rse,r2,n_labeled,n_unlabeled,n_train,n_test
1,70,188.2712300533394,134.4472055359189,0.38323874599431595,0.616761254005684,16127,6913,23040,10080
