fold,scale,rmse,mae,rse,r2,n_labeled,n_unlabeled,n_train,n_test
3,70,147.2461874041062,102.92705253363478,0.08682049633190159,0.9131795036680984,16127,6913,23040,10080
