fold,scale,rmse,mae,rse,r2,n_labeled,n_unlabeled,n_train,n_test
0,70,223.68333797990715,157.79403850578038,0.2312040016496335,0.7687959983503665,16127,6913,23040,10080
