fold,scale,rmse,mae,rse,r2,n_labeled,n_unlabeled,n_train,n_test
4,70,221.77545431811052,163.90725037165305,0.2561380992868996,0.7438619007131004,16127,6913,23040,10080
