fold,scale,rmse,mae,rse,r2,n_labeled,n_unlabeled,n_train,n_test
7,70,201.91494059957148,143.76207933415418,0.30296128268554356,0.6970387173144564,16127,6913,23040,10080
