fold,scale,rmse,mae,rse
6,0.3,160.8187831760299,101.01938200534264,0.192749220747588
