fold,scale,rmse,mae,rse
5,0.3,121.45633997070911,130.53387409776985,0.172162866300573
