fold,scale,rmse,mae,rse
2,0.3,156.42016482767997,77.1611620155004,0.181354341985436
