fold,scale,rmse,mae,rse
3,0.3,149.3122340923873,97.08415391586583,0.176913469625927
