fold,scale,rmse,mae,rse
0,0.3,175.6995285467,123.95097784204,0.1827373005113998
