fold,scale,rmse,mae,rse
1,0.3,176.6540381769168,127.51486795370619,0.226045544817438
