fold,scale,rmse,mae,rse
7,0.3,176.59828641337134,129.12901123710452,0.174491731871057
