fold,scale,rmse,mae,rse
4,0.3,154.9043067494552,131.05132074653878,0.178235811656913
